BranchPredictor,IPC,MispredRate
BiModeBP,0.143078,0.6425912137006702
LocalBP,0.147554,0.5816385822196397
TournamentBP,0.145641,0.6039603960396039
LTage,,0
